{"name":"5a1044cf-ac87-49b9-b71a-af48d99b1368","id":"/providers/Microsoft.Flow/flows/5a1044cf-ac87-49b9-b71a-af48d99b1368","type":"Microsoft.Flow/flows","properties":{"apiId":"/providers/Microsoft.PowerApps/apis/shared_logicflows","displayName":"1)CreateSPOlist","definition":{"metadata":{"workflowEntityId":null,"flowclientsuspensionreason":"None","flowclientsuspensiontime":null,"creator":{"id":"17b77301-74d9-4af4-a0b3-83cf7604e363","type":"User","tenantId":"672a2a21-22d8-4ca3-bbac-829ef489426d"},"provisioningMethod":"FromDefinition","failureAlertSubscription":true,"clientLastModifiedTime":"2020-12-21T15:10:11.3171272Z"},"$schema":"https://schema.management.azure.com/providers/Microsoft.Logic/schemas/2016-06-01/workflowdefinition.json#","contentVersion":"1.0.0.0","parameters":{"$connections":{"defaultValue":{},"type":"Object"},"$authentication":{"defaultValue":{},"type":"SecureObject"}},"triggers":{"manual":{"type":"Request","kind":"Button","inputs":{"schema":{"type":"object","properties":{},"required":[]}}}},"actions":{"Initialize_variable_(Your_SharePoint_site_URL)":{"runAfter":{},"type":"InitializeVariable","inputs":{"variables":[{"name":"varSite","type":"string"}]}},"Initialize_variable_2_(SPO_list_Location_Report)_-_don't_change_the_value":{"runAfter":{"Initialize_variable_(Your_SharePoint_site_URL)":["Succeeded"]},"type":"InitializeVariable","inputs":{"variables":[{"name":"varListName","type":"string","value":"Location_Report"}]}},"Create_SPO_List_scope_(Location_Report)":{"actions":{"Send_an_HTTP_request_to_SharePoint_(Title)":{"runAfter":{},"metadata":{"flowSystemMetadata":{"swaggerOperationId":"HttpRequest"}},"type":"ApiConnection","inputs":{"host":{"connection":{"name":"@json(decodeBase64(triggerOutputs().headers['X-MS-APIM-Tokens']))['$connections']['shared_sharepointonline']['connectionId']"},"api":{"runtimeUrl":"https://japan-001.azure-apim.net/apim/sharepointonline"}},"method":"post","body":{"method":"POST","uri":"/_api/web/lists","headers":{"Accept":"application/json;odata=verbose","Content-Type":"application/json;odata=verbose"},"body":"{\n  \"__metadata\": {\"type\": \"SP.List\"},\n  \"AllowContentTypes\": true,\n  \"BaseTemplate\": 100,\n \"Description\": \"List for @{variables('varListName')} to keep client's data\",\n \"Title\": \"@{variables('varListName')}\"\n}"},"path":"/datasets/@{encodeURIComponent(encodeURIComponent(variables('varSite')))}/httprequest","authentication":{"type":"Raw","value":"@json(decodeBase64(triggerOutputs().headers['X-MS-APIM-Tokens']))['$ConnectionKey']"}}},"Send_an_HTTP_request_to_SharePoint_(Email_-_single_line_of_text)":{"runAfter":{"Send_an_HTTP_request_to_SharePoint_(Department_-_single_line_of_text)":["Succeeded"]},"metadata":{"flowSystemMetadata":{"swaggerOperationId":"HttpRequest"}},"type":"ApiConnection","inputs":{"host":{"connection":{"name":"@json(decodeBase64(triggerOutputs().headers['X-MS-APIM-Tokens']))['$connections']['shared_sharepointonline']['connectionId']"},"api":{"runtimeUrl":"https://japan-001.azure-apim.net/apim/sharepointonline"}},"method":"post","body":{"method":"POST","uri":"_api/lists/getbytitle('@{variables('varListName')}')/fields","headers":{"Accept":"application/json;odata=verbose","Content-Type":"application/json;odata=verbose"},"body":"{\n    '__metadata': {'type':'SP.Field'},\n    'FieldTypeKind': 2,\n    'Title': 'Email'\n}"},"path":"/datasets/@{encodeURIComponent(encodeURIComponent(variables('varSite')))}/httprequest","authentication":{"type":"Raw","value":"@json(decodeBase64(triggerOutputs().headers['X-MS-APIM-Tokens']))['$ConnectionKey']"}}},"Send_an_HTTP_request_to_SharePoint_(Job_Title_-_single_line_of_text)":{"runAfter":{"Send_an_HTTP_request_to_SharePoint_(Title)":["Succeeded"]},"metadata":{"flowSystemMetadata":{"swaggerOperationId":"HttpRequest"}},"type":"ApiConnection","inputs":{"host":{"connection":{"name":"@json(decodeBase64(triggerOutputs().headers['X-MS-APIM-Tokens']))['$connections']['shared_sharepointonline']['connectionId']"},"api":{"runtimeUrl":"https://japan-001.azure-apim.net/apim/sharepointonline"}},"method":"post","body":{"method":"POST","uri":"_api/lists/getbytitle('@{variables('varListName')}')/fields","headers":{"Accept":"application/json;odata=verbose","Content-Type":"application/json;odata=verbose"},"body":"{\n    '__metadata': {'type':'SP.Field'},\n    'FieldTypeKind': 2,\n    'Title': 'Job Title'\n}"},"path":"/datasets/@{encodeURIComponent(encodeURIComponent(variables('varSite')))}/httprequest","authentication":{"type":"Raw","value":"@json(decodeBase64(triggerOutputs().headers['X-MS-APIM-Tokens']))['$ConnectionKey']"}}},"Send_an_HTTP_request_to_SharePoint_(Department_-_single_line_of_text)":{"runAfter":{"Send_an_HTTP_request_to_SharePoint_(Job_Title_-_single_line_of_text)":["Succeeded"]},"metadata":{"flowSystemMetadata":{"swaggerOperationId":"HttpRequest"}},"type":"ApiConnection","inputs":{"host":{"connection":{"name":"@json(decodeBase64(triggerOutputs().headers['X-MS-APIM-Tokens']))['$connections']['shared_sharepointonline']['connectionId']"},"api":{"runtimeUrl":"https://japan-001.azure-apim.net/apim/sharepointonline"}},"method":"post","body":{"method":"POST","uri":"_api/lists/getbytitle('@{variables('varListName')}')/fields","headers":{"Accept":"application/json;odata=verbose","Content-Type":"application/json;odata=verbose"},"body":"{\n    '__metadata': {'type':'SP.Field'},\n    'FieldTypeKind': 2,\n    'Title': 'Department'\n}"},"path":"/datasets/@{encodeURIComponent(encodeURIComponent(variables('varSite')))}/httprequest","authentication":{"type":"Raw","value":"@json(decodeBase64(triggerOutputs().headers['X-MS-APIM-Tokens']))['$ConnectionKey']"}}},"Send_an_HTTP_request_to_SharePoint_(Activity_name_-_single_line_of_text)":{"runAfter":{"Send_an_HTTP_request_to_SharePoint_(Email_-_single_line_of_text)":["Succeeded"]},"metadata":{"flowSystemMetadata":{"swaggerOperationId":"HttpRequest"}},"type":"ApiConnection","inputs":{"host":{"connection":{"name":"@json(decodeBase64(triggerOutputs().headers['X-MS-APIM-Tokens']))['$connections']['shared_sharepointonline']['connectionId']"},"api":{"runtimeUrl":"https://japan-001.azure-apim.net/apim/sharepointonline"}},"method":"post","body":{"method":"POST","uri":"_api/lists/getbytitle('@{variables('varListName')}')/fields","headers":{"Accept":"application/json;odata=verbose","Content-Type":"application/json;odata=verbose"},"body":"{\n    '__metadata': {'type':'SP.Field'},\n    'FieldTypeKind': 2,\n    'Title': 'Activity Name'\n}"},"path":"/datasets/@{encodeURIComponent(encodeURIComponent(variables('varSite')))}/httprequest","authentication":{"type":"Raw","value":"@json(decodeBase64(triggerOutputs().headers['X-MS-APIM-Tokens']))['$ConnectionKey']"}}},"Send_an_HTTP_request_to_SharePoint_(Latitude_-_single_line_of_text)":{"runAfter":{"Send_an_HTTP_request_to_SharePoint_(DateTime_-_single_line_of_text)":["Succeeded"]},"metadata":{"flowSystemMetadata":{"swaggerOperationId":"HttpRequest"}},"type":"ApiConnection","inputs":{"host":{"connection":{"name":"@json(decodeBase64(triggerOutputs().headers['X-MS-APIM-Tokens']))['$connections']['shared_sharepointonline']['connectionId']"},"api":{"runtimeUrl":"https://japan-001.azure-apim.net/apim/sharepointonline"}},"method":"post","body":{"method":"POST","uri":"_api/lists/getbytitle('@{variables('varListName')}')/fields","headers":{"Accept":"application/json;odata=verbose","Content-Type":"application/json;odata=verbose"},"body":"{\n    '__metadata': {'type':'SP.Field'},\n    'FieldTypeKind': 2,\n    'Title': 'Latitude'\n}"},"path":"/datasets/@{encodeURIComponent(encodeURIComponent(variables('varSite')))}/httprequest","authentication":{"type":"Raw","value":"@json(decodeBase64(triggerOutputs().headers['X-MS-APIM-Tokens']))['$ConnectionKey']"}}},"Send_an_HTTP_request_to_SharePoint_(Longitude_-_single_line_of_text)":{"runAfter":{"Send_an_HTTP_request_to_SharePoint_(Latitude_-_single_line_of_text)":["Succeeded"]},"metadata":{"flowSystemMetadata":{"swaggerOperationId":"HttpRequest"}},"type":"ApiConnection","inputs":{"host":{"connection":{"name":"@json(decodeBase64(triggerOutputs().headers['X-MS-APIM-Tokens']))['$connections']['shared_sharepointonline']['connectionId']"},"api":{"runtimeUrl":"https://japan-001.azure-apim.net/apim/sharepointonline"}},"method":"post","body":{"method":"POST","uri":"_api/lists/getbytitle('@{variables('varListName')}')/fields","headers":{"Accept":"application/json;odata=verbose","Content-Type":"application/json;odata=verbose"},"body":"{\n    '__metadata': {'type':'SP.Field'},\n    'FieldTypeKind': 2,\n    'Title': 'Longitude'\n}"},"path":"/datasets/@{encodeURIComponent(encodeURIComponent(variables('varSite')))}/httprequest","authentication":{"type":"Raw","value":"@json(decodeBase64(triggerOutputs().headers['X-MS-APIM-Tokens']))['$ConnectionKey']"}}},"Send_an_HTTP_request_to_SharePoint_(Country_-_single_line_of_text)":{"runAfter":{"Send_an_HTTP_request_to_SharePoint_(Longitude_-_single_line_of_text)":["Succeeded"]},"metadata":{"flowSystemMetadata":{"swaggerOperationId":"HttpRequest"}},"type":"ApiConnection","inputs":{"host":{"connection":{"name":"@json(decodeBase64(triggerOutputs().headers['X-MS-APIM-Tokens']))['$connections']['shared_sharepointonline']['connectionId']"},"api":{"runtimeUrl":"https://japan-001.azure-apim.net/apim/sharepointonline"}},"method":"post","body":{"method":"POST","uri":"_api/lists/getbytitle('@{variables('varListName')}')/fields","headers":{"Accept":"application/json;odata=verbose","Content-Type":"application/json;odata=verbose"},"body":"{\n    '__metadata': {'type':'SP.Field'},\n    'FieldTypeKind': 2,\n    'Title': 'Country'\n}"},"path":"/datasets/@{encodeURIComponent(encodeURIComponent(variables('varSite')))}/httprequest","authentication":{"type":"Raw","value":"@json(decodeBase64(triggerOutputs().headers['X-MS-APIM-Tokens']))['$ConnectionKey']"}}},"Send_an_HTTP_request_to_SharePoint_(Full_Address_-_single_line_of_text)":{"runAfter":{"Send_an_HTTP_request_to_SharePoint_(Country_-_single_line_of_text)":["Succeeded"]},"metadata":{"flowSystemMetadata":{"swaggerOperationId":"HttpRequest"}},"type":"ApiConnection","inputs":{"host":{"connection":{"name":"@json(decodeBase64(triggerOutputs().headers['X-MS-APIM-Tokens']))['$connections']['shared_sharepointonline']['connectionId']"},"api":{"runtimeUrl":"https://japan-001.azure-apim.net/apim/sharepointonline"}},"method":"post","body":{"method":"POST","uri":"_api/lists/getbytitle('@{variables('varListName')}')/fields","headers":{"Accept":"application/json;odata=verbose","Content-Type":"application/json;odata=verbose"},"body":"{\n    '__metadata': {'type':'SP.Field'},\n    'FieldTypeKind': 2,\n    'Title': 'Full Address'\n}"},"path":"/datasets/@{encodeURIComponent(encodeURIComponent(variables('varSite')))}/httprequest","authentication":{"type":"Raw","value":"@json(decodeBase64(triggerOutputs().headers['X-MS-APIM-Tokens']))['$ConnectionKey']"}}},"Send_an_HTTP_request_to_SharePoint_(Province_-_single_line_of_text)":{"runAfter":{"Send_an_HTTP_request_to_SharePoint_(Full_Address_-_single_line_of_text)":["Succeeded"]},"metadata":{"flowSystemMetadata":{"swaggerOperationId":"HttpRequest"}},"type":"ApiConnection","inputs":{"host":{"connection":{"name":"@json(decodeBase64(triggerOutputs().headers['X-MS-APIM-Tokens']))['$connections']['shared_sharepointonline']['connectionId']"},"api":{"runtimeUrl":"https://japan-001.azure-apim.net/apim/sharepointonline"}},"method":"post","body":{"method":"POST","uri":"_api/lists/getbytitle('@{variables('varListName')}')/fields","headers":{"Accept":"application/json;odata=verbose","Content-Type":"application/json;odata=verbose"},"body":"{\n    '__metadata': {'type':'SP.Field'},\n    'FieldTypeKind': 2,\n    'Title': 'Province'\n}"},"path":"/datasets/@{encodeURIComponent(encodeURIComponent(variables('varSite')))}/httprequest","authentication":{"type":"Raw","value":"@json(decodeBase64(triggerOutputs().headers['X-MS-APIM-Tokens']))['$ConnectionKey']"}}},"Send_an_HTTP_request_to_SharePoint_(DateTime_-_single_line_of_text)":{"runAfter":{"Send_an_HTTP_request_to_SharePoint_(Activity_name_-_single_line_of_text)":["Succeeded"]},"metadata":{"flowSystemMetadata":{"swaggerOperationId":"HttpRequest"}},"type":"ApiConnection","inputs":{"host":{"connection":{"name":"@json(decodeBase64(triggerOutputs().headers['X-MS-APIM-Tokens']))['$connections']['shared_sharepointonline']['connectionId']"},"api":{"runtimeUrl":"https://japan-001.azure-apim.net/apim/sharepointonline"}},"method":"post","body":{"method":"POST","uri":"_api/lists/getbytitle('@{variables('varListName')}')/fields","headers":{"Accept":"application/json;odata=verbose","Content-Type":"application/json;odata=verbose"},"body":"{\n    '__metadata': {'type':'SP.FieldDateTime'},\n    'FieldTypeKind': 4,\n    'Title': 'DateTime',\n    'DisplayFormat': 1 \n}"},"path":"/datasets/@{encodeURIComponent(encodeURIComponent(variables('varSite')))}/httprequest","authentication":{"type":"Raw","value":"@json(decodeBase64(triggerOutputs().headers['X-MS-APIM-Tokens']))['$ConnectionKey']"}}}},"runAfter":{"Initialize_variable_2_(SPO_list_Location_Report)_-_don't_change_the_value":["Succeeded"]},"type":"Scope"}}},"connectionReferences":{"shared_sharepointonline":{"connectionName":"026b05adaea14c66b5e76bb7367ab3e2","source":"Invoker","id":"/providers/Microsoft.PowerApps/apis/shared_sharepointonline","tier":"NotSpecified"}},"flowFailureAlertSubscribed":false}}