{"name":"d5074a6d-9e3d-4e12-961f-09119a7b1e7b","id":"/providers/Microsoft.Flow/flows/d5074a6d-9e3d-4e12-961f-09119a7b1e7b","type":"Microsoft.Flow/flows","properties":{"apiId":"/providers/Microsoft.PowerApps/apis/shared_logicflows","displayName":"LocationActivityFlow","definition":{"metadata":{"workflowEntityId":null,"flowclientsuspensionreason":"None","flowclientsuspensiontime":null,"creator":{"id":"17b77301-74d9-4af4-a0b3-83cf7604e363","type":"User","tenantId":"672a2a21-22d8-4ca3-bbac-829ef489426d"},"provisioningMethod":"FromDefinition","failureAlertSubscription":true,"clientLastModifiedTime":"2020-12-29T13:38:54.6684626Z"},"$schema":"https://schema.management.azure.com/providers/Microsoft.Logic/schemas/2016-06-01/workflowdefinition.json#","contentVersion":"1.0.0.0","parameters":{"$connections":{"defaultValue":{},"type":"Object"},"$authentication":{"defaultValue":{},"type":"SecureObject"}},"triggers":{"manual":{"type":"Request","kind":"Button","inputs":{"schema":{"type":"object","properties":{"text":{"title":"Input","type":"string","x-ms-dynamically-added":true,"description":"Please enter your input","x-ms-content-hint":"TEXT","enum":["Check-In","Check-Out"]},"location":{"type":"object","properties":{"address":{"type":"object","properties":{"countryOrRegion":{"title":"Country/Region","type":"string","x-ms-dynamically-added":false}},"required":["countryOrRegion"]},"fullAddress":{"title":"Full address","type":"string","x-ms-dynamically-added":false},"coordinates":{"type":"object","properties":{"longitude":{"title":"Longitude","type":"number","x-ms-dynamically-added":false},"latitude":{"title":"Latitude","type":"number","x-ms-dynamically-added":false}},"required":["longitude","latitude"]}}}},"required":["text","location"]},"headersSchema":{"x-ms-user-email-encoded":{"title":"User email","type":"string","format":"byte","x-ms-dynamically-added":false}}}}},"actions":{"Get_user_profile_(V2)":{"runAfter":{},"type":"OpenApiConnection","inputs":{"host":{"apiId":"/providers/Microsoft.PowerApps/apis/shared_office365users","connectionName":"shared_office365users","operationId":"UserProfile_V2"},"parameters":{"id":"@triggerOutputs()['headers']['x-ms-user-email-encoded']"},"authentication":{"value":"@json(decodeBase64(triggerOutputs().headers['X-MS-APIM-Tokens']))['$ConnectionKey']","type":"Raw"}}},"Convert_time_zone":{"runAfter":{"Get_user_profile_(V2)":["Succeeded"]},"type":"Expression","kind":"ConvertTimeZone","inputs":{"baseTime":"@triggerOutputs()['headers']['x-ms-user-timestamp']","formatString":"f","sourceTimeZone":"UTC","destinationTimeZone":"SE Asia Standard Time"}},"Post_your_own_adaptive_card_as_the_Flow_bot_to_a_user":{"runAfter":{"Convert_time_zone":["Succeeded"]},"type":"OpenApiConnection","inputs":{"host":{"apiId":"/providers/Microsoft.PowerApps/apis/shared_teams","connectionName":"shared_teams","operationId":"PostUserAdaptiveCard"},"parameters":{"PostAdaptiveCardRequest/recipient/to":"@{triggerOutputs()['headers']['x-ms-user-email-encoded']};","PostAdaptiveCardRequest/messageBody":"{\n    \"type\": \"AdaptiveCard\",\n    \"body\": [\n        {\n            \"type\": \"TextBlock\",\n            \"size\": \"Medium\",\n            \"weight\": \"Bolder\",\n            \"text\": \"Your activity is completed\"\n        },\n        {\n            \"type\": \"ColumnSet\",\n            \"columns\": [\n                {\n                    \"type\": \"Column\",\n                    \"items\": [\n                        {\n                            \"type\": \"Image\",\n                            \"style\": \"Person\",\n                            \"url\": \"https://raw.githubusercontent.com/narismadz/CheckInFlow/main/checkmark.png\",\n                            \"size\": \"Small\"\n                        }\n                    ],\n                    \"width\": \"auto\"\n                },\n                {\n                    \"type\": \"Column\",\n                    \"items\": [\n                        {\n                            \"type\": \"TextBlock\",\n                            \"weight\": \"Bolder\",\n                            \"text\": \"@{body('Get_user_profile_(V2)')?['displayName']}\",\n                            \"wrap\": true\n                        },\n                        {\n                            \"type\": \"TextBlock\",\n                            \"spacing\": \"None\",\n                            \"text\": \"Created @{body('Convert_time_zone')}\",\n                            \"isSubtle\": true,\n                            \"wrap\": true\n                        }\n                    ],\n                    \"width\": \"stretch\",\n                    \"separator\": true\n                }\n            ]\n        },\n        {\n            \"type\": \"TextBlock\",\n            \"text\": \"Your activity for today, please show this as an evidence for today\",\n            \"wrap\": true\n        },\n        {\n            \"type\": \"ColumnSet\",\n            \"columns\": [\n                {\n                    \"type\": \"Column\",\n                    \"width\": \"stretch\",\n                    \"items\": [\n                        {\n                            \"type\": \"TextBlock\",\n                            \"text\": \"Activity\",\n                            \"wrap\": true,\n                            \"weight\": \"Bolder\"\n                        },\n                        {\n                            \"type\": \"TextBlock\",\n                            \"text\": \"Country\",\n                            \"wrap\": true,\n                            \"weight\": \"Bolder\"\n                        },\n                        {\n                            \"type\": \"TextBlock\",\n                            \"text\": \"Address\",\n                            \"wrap\": true,\n                            \"weight\": \"Bolder\"\n                        },\n                        {\n                            \"type\": \"TextBlock\",\n                            \"text\": \"Lat,Long\",\n                            \"wrap\": true,\n                            \"weight\": \"Bolder\"\n                        }\n                    ]\n                },\n                {\n                    \"type\": \"Column\",\n                    \"width\": \"stretch\",\n                    \"items\": [\n                        {\n                            \"type\": \"TextBlock\",\n                            \"text\": \"@{triggerBody()['text']}\",\n                            \"wrap\": true\n                        },\n                        {\n                            \"type\": \"TextBlock\",\n                            \"text\": \"@{triggerBody()['location']['address']['countryOrRegion']}\",\n                            \"wrap\": true\n                        },\n                        {\n                            \"type\": \"TextBlock\",\n                            \"text\": \"@{triggerBody()['location']['fullAddress']}\",\n                            \"wrap\": true,\n                            \"size\": \"Small\"\n                        },\n                        {\n                            \"type\": \"TextBlock\",\n                            \"text\": \"@{triggerBody()['location']['coordinates']['latitude']},@{triggerBody()['location']['coordinates']['longitude']}\",\n                            \"wrap\": true\n                        }\n                    ]\n                }\n            ],\n            \"style\": \"good\",\n            \"separator\": true\n        },\n        {\n            \"type\": \"Image\",\n            \"url\": \"https://raw.githubusercontent.com/narismadz/CheckInFlow/main/checkmark.png\",\n            \"horizontalAlignment\": \"Center\"\n        }\n    ],\n    \"$schema\": \"http://adaptivecards.io/schemas/adaptive-card.json\",\n    \"version\": \"1.2\"\n}\n","PostAdaptiveCardRequest/messageTitle":"Your activity's info. (@{triggerBody()['location']['coordinates']['latitude']},@{triggerBody()['location']['coordinates']['longitude']})"},"authentication":{"value":"@json(decodeBase64(triggerOutputs().headers['X-MS-APIM-Tokens']))['$ConnectionKey']","type":"Raw"}}}}},"connectionReferences":{"shared_office365users":{"connectionName":"e54daece915f4de7ba563efda55cc4f0","source":"Invoker","id":"/providers/Microsoft.PowerApps/apis/shared_office365users","tier":"NotSpecified"},"shared_teams":{"connectionName":"shared-teams-937e259b-0742-473e-9447-50a9c52aab3f","source":"Invoker","id":"/providers/Microsoft.PowerApps/apis/shared_teams","tier":"NotSpecified"}},"flowFailureAlertSubscribed":false}}